{
 "decksets": [
  {
   "decks": [
    {
     "cards": [
      {
       "sound": "Chicken5.mp3",
       "index": 0,
       "imagekey": "chicken1",
       "id": 1,
       "imagedef": {
        "twelve16": {
         "portrait": {
          "xcasset": "chicken1",
          "crop": {
           "y1": 0,
           "x2": 0.42624999999999996,
           "x1": 0.09250000000000001,
           "y2": 1
          }
         },
         "imagetype": "combined",
         "landscape": {
          "xcasset": "chicken1",
          "crop": {
           "y1": 0,
           "x2": 0.9075,
           "x1": 0.01749999999999998,
           "y2": 1
          }
         }
        },
        "nine16": {
         "portrait": {
          "xcasset": "chicken1",
          "crop": {
           "y1": 0,
           "x2": 0.3665202108963093,
           "x1": 0.1553602811950791,
           "y2": 1
          }
         },
         "imagetype": "combined",
         "landscape": {
          "xcasset": "chicken1",
          "crop": {
           "y1": 0.08614232209737828,
           "x2": 1,
           "x1": 0,
           "y2": 0.9288389513108614
          }
         }
        }
       }
      },
      {
       "sound": "Chicken6.mp3",
       "index": 1,
       "imagekey": "chicken5",
       "id": 2,
       "imagedef": {
        "twelve16": {
         "portrait": {
          "xcasset": "chicken5",
          "crop": {
           "y1": 0,
           "x2": 0.3502083333333334,
           "x1": 0.018333333333333333,
           "y2": 1
          }
         },
         "imagetype": "combined",
         "landscape": {
          "xcasset": "chicken5",
          "crop": {
           "y1": 0,
           "x2": 0.885,
           "x1": 0,
           "y2": 1
          }
         }
        },
        "nine16": {
         "portrait": {
          "xcasset": "chicken5",
          "crop": {
           "y1": 0,
           "x2": 0.29433216168717047,
           "x1": 0.0843585237258348,
           "y2": 1
          }
         },
         "imagetype": "combined",
         "landscape": {
          "xcasset": "chicken5",
          "crop": {
           "y1": 0.08286252354048965,
           "x2": 1,
           "x1": 0,
           "y2": 0.9303201506591335
          }
         }
        }
       }
      },
      {
       "sound": "Chicken3.mp3",
       "index": 2,
       "imagekey": "chicken3",
       "id": 3,
       "imagedef": {
        "twelve16": {
         "portrait": {
          "xcasset": "chicken3",
          "crop": {
           "y1": 0,
           "x2": 0.5627853881278538,
           "x1": 0.049086757990867584,
           "y2": 1
          }
         },
         "imagetype": "combined",
         "landscape": {
          "xcasset": "chicken3",
          "crop": {
           "y1": 0.10333333333333332,
           "x2": 1,
           "x1": 0,
           "y2": 0.8333333333333333
          }
         }
        },
        "nine16": {
         "portrait": {
          "xcasset": "chicken3",
          "crop": {
           "y1": 0,
           "x2": 0.44442304451452924,
           "x1": 0.11941160892698077,
           "y2": 1
          }
         },
         "imagetype": "combined",
         "landscape": {
          "xcasset": "chicken3",
          "crop": {
           "y1": 0.11833333333333333,
           "x2": 1,
           "x1": 0,
           "y2": 0.6658333333333333
          }
         }
        }
       }
      },
      {
       "sound": "Chicken2.mp3",
       "index": 3,
       "imagekey": "chicken2",
       "id": 4,
       "imagedef": {
        "twelve16": {
         "portrait": {
          "xcasset": "chicken2",
          "crop": {
           "y1": 0,
           "x2": 0.4636785162287481,
           "x1": 0,
           "y2": 1
          }
         },
         "imagetype": "combined",
         "landscape": {
          "xcasset": "chicken2",
          "crop": {
           "y1": 0,
           "x2": 1,
           "x1": 0,
           "y2": 0.8087500000000001
          }
         }
        },
        "nine16": {
         "portrait": {
          "xcasset": "chicken2_pt",
          "crop": null
         },
         "imagetype": "split",
         "landscape": {
          "xcasset": "chicken2_ls",
          "crop": null
         }
        }
       }
      },
      {
       "sound": "Chicken1.mp3",
       "index": 4,
       "imagekey": "chicken4",
       "id": 5,
       "imagedef": {
        "twelve16": {
         "portrait": {
          "xcasset": "chicken4",
          "crop": {
           "y1": 0,
           "x2": 0.5954166666666667,
           "x1": 0.26166666666666666,
           "y2": 1
          }
         },
         "imagetype": "combined",
         "landscape": {
          "xcasset": "chicken4",
          "crop": {
           "y1": 0,
           "x2": 0.89,
           "x1": 0,
           "y2": 1
          }
         }
        },
        "nine16": {
         "portrait": {
          "xcasset": "chicken4",
          "crop": {
           "y1": 0,
           "x2": 0.46704745166959577,
           "x1": 0.25588752196836556,
           "y2": 1
          }
         },
         "imagetype": "combined",
         "landscape": {
          "xcasset": "chicken4",
          "crop": {
           "y1": 0.10674157303370786,
           "x2": 1,
           "x1": 0,
           "y2": 0.9494382022471909
          }
         }
        }
       }
      },
      {
       "sound": "Chicken1.mp3",
       "index": 6,
       "imagekey": "chicken6",
       "id": 6,
       "imagedef": {
        "twelve16": {
         "portrait": {
          "xcasset": "chicken6_pt",
          "crop": null
         },
         "imagetype": "split",
         "landscape": {
          "xcasset": "chicken6_ls",
          "crop": null
         }
        },
        "nine16": {
         "portrait": {
          "xcasset": "chicken6_pt",
          "crop": null
         },
         "imagetype": "split",
         "landscape": {
          "xcasset": "chicken6_ls",
          "crop": null
         }
        }
       }
      }
     ],
     "id": 1,
     "thumb": "chickenthumb",
     "name": "chicken"
    },
    {
     "cards": [
      {
       "sound": "cow/Cow3.mp3",
       "index": 1,
       "imagekey": "cow1",
       "id": 7,
       "imagedef": {
        "twelve16": {
         "portrait": {
          "xcasset": "cow1",
          "crop": {
           "y1": 0,
           "x2": 0.5214583333333334,
           "x1": 0.17333333333333334,
           "y2": 1
          }
         },
         "landscape": {
          "xcasset": "cow1",
          "crop": {
           "y1": 0,
           "x2": 0.9283333333333332,
           "x1": 0,
           "y2": 1
          }
         },
         "imagetype": "combined"
        },
        "nine16": {
         "portrait": {
          "xcasset": "cow1",
          "crop": {
           "y1": 0,
           "x2": 0.4213093145869947,
           "x1": 0.20105448154657293,
           "y2": 1
          }
         },
         "landscape": {
          "xcasset": "cow1",
          "crop": {
           "y1": 0.05026929982046678,
           "x2": 1,
           "x1": 0,
           "y2": 0.8581687612208257
          }
         },
         "imagetype": "combined"
        }
       }
      },
      {
       "sound": "Cow1.mp3",
       "index": 2,
       "imagekey": "cow2",
       "id": 8,
       "imagedef": {
        "twelve16": {
         "portrait": {
          "xcasset": "cow2",
          "crop": {
           "y1": 0,
           "x2": 0.3920833333333333,
           "x1": 0.058333333333333334,
           "y2": 1
          }
         },
         "imagetype": "combined",
         "landscape": {
          "xcasset": "cow2",
          "crop": {
           "y1": 0,
           "x2": 0.9416666666666667,
           "x1": 0.05166666666666666,
           "y2": 1
          }
         }
        },
        "nine16": {
         "portrait": {
          "xcasset": "cow2",
          "crop": {
           "y1": 0,
           "x2": 0.2849736379613357,